<?xml version="1.0" encoding="UTF-8"?>
<!DOCTYPE beans PUBLIC "-//SPRING//DTD BEAN//EN" "http://www.springframework.org/dtd/spring-beans.dtd">
<beans default-lazy-init="false" default-dependency-check="none"
	default-autowire="no">

	<bean name="ValidatorModel" class="gov.nih.nci.codegen.validator.ValidatorModel">
		<constructor-arg>
			<map>
				<entry key="gov.nih.nci.cacoresdk.domain.other.validationtype.AllValidationType">
					<bean class="gov.nih.nci.codegen.validator.ValidatorClass">
						<constructor-arg value="gov.nih.nci.cacoresdk.domain.other.validationtype.AllValidationType" />
						<constructor-arg index="1"> <!-- attribute-level constraints -->
							<map>
								<entry key="email">
									<bean class="gov.nih.nci.codegen.validator.ValidatorAttribute">
										<constructor-arg value="email" />
										<constructor-arg index="1">
											<list>
												<bean class="gov.nih.nci.codegen.validator.ValidatorConstraint">
													<constructor-arg value="org.hibernate.validator.Email" />
													<constructor-arg index="1"><map/></constructor-arg>
												</bean>
												<!--  
												<bean class="gov.nih.nci.codegen.validator.ValidatorConstraint">
													<constructor-arg value="org.hibernate.validator.NotNull" />
													<constructor-arg index="1"><map/></constructor-arg>
												</bean>
												-->
											</list>
										</constructor-arg>
									</bean>
								</entry>
								<entry key="length">
									<bean class="gov.nih.nci.codegen.validator.ValidatorAttribute">
										<constructor-arg value="length" />
										<constructor-arg index="1">
											<list>
												<bean class="gov.nih.nci.codegen.validator.ValidatorConstraint">
													<constructor-arg value="org.hibernate.validator.Length" />
													<constructor-arg index="1">
														<map>
															<entry key="min" value="1" />
															<entry key="max" value="3" />
														</map>
													</constructor-arg>
												</bean>
											</list>
										</constructor-arg>
									</bean>
								</entry>
								<entry key="maxString">
									<bean class="gov.nih.nci.codegen.validator.ValidatorAttribute">
										<constructor-arg value="maxString" />
										<constructor-arg index="1">
											<list>
												<bean class="gov.nih.nci.codegen.validator.ValidatorConstraint">
													<constructor-arg value="org.hibernate.validator.Max" />
													<constructor-arg index="1">
														<map>
															<entry key="value" value="999" />
														</map>
													</constructor-arg>
												</bean>
											</list>
										</constructor-arg>
									</bean>
								</entry>	
								<entry key="maxNumeric">
									<bean class="gov.nih.nci.codegen.validator.ValidatorAttribute">
										<constructor-arg value="maxNumeric" />
										<constructor-arg index="1">
											<list>
												<bean class="gov.nih.nci.codegen.validator.ValidatorConstraint">
													<constructor-arg value="org.hibernate.validator.Max" />
													<constructor-arg index="1">
														<map>
															<entry key="value" value="999" />
														</map>
													</constructor-arg>
												</bean>
											</list>
										</constructor-arg>
									</bean>
								</entry>
								<entry key="minString">
									<bean class="gov.nih.nci.codegen.validator.ValidatorAttribute">
										<constructor-arg value="minString" />
										<constructor-arg index="1">
											<list>
												<bean class="gov.nih.nci.codegen.validator.ValidatorConstraint">
													<constructor-arg value="org.hibernate.validator.Min" />
													<constructor-arg index="1">
														<map>
															<entry key="value" value="1" />
														</map>
													</constructor-arg>
												</bean>
											</list>
										</constructor-arg>
									</bean>
								</entry>	
								<entry key="minNumeric">
									<bean class="gov.nih.nci.codegen.validator.ValidatorAttribute">
										<constructor-arg value="minNumeric" />
										<constructor-arg index="1">
											<list>
												<bean class="gov.nih.nci.codegen.validator.ValidatorConstraint">
													<constructor-arg value="org.hibernate.validator.Min" />
													<constructor-arg index="1">
														<map>
															<entry key="value" value="1" />
														</map>
													</constructor-arg>
												</bean>
											</list>
										</constructor-arg>
									</bean>
								</entry>
								<entry key="notNull">
									<bean class="gov.nih.nci.codegen.validator.ValidatorAttribute">
										<constructor-arg value="notNull" />
										<constructor-arg index="1">
											<list>
												<bean class="gov.nih.nci.codegen.validator.ValidatorConstraint">
													<constructor-arg value="org.hibernate.validator.NotNull" />
													<constructor-arg index="1"><map/></constructor-arg>
												</bean>
											</list>
										</constructor-arg>
									</bean>
								</entry>	
								<entry key="notEmpty">
									<bean class="gov.nih.nci.codegen.validator.ValidatorAttribute">
										<constructor-arg value="notEmpty" />
										<constructor-arg index="1">
											<list>
												<bean class="gov.nih.nci.codegen.validator.ValidatorConstraint">
													<constructor-arg value="org.hibernate.validator.NotEmpty" />
													<constructor-arg index="1"><map/></constructor-arg>
												</bean>
											</list>
										</constructor-arg>
									</bean>
								</entry>
								<entry key="rangeString">
									<bean class="gov.nih.nci.codegen.validator.ValidatorAttribute">
										<constructor-arg value="rangeString" />
										<constructor-arg index="1">
											<list>
												<bean class="gov.nih.nci.codegen.validator.ValidatorConstraint">
													<constructor-arg value="org.hibernate.validator.Range" />
													<constructor-arg index="1">
														<map>
															<entry key="min" value="1" />
															<entry key="max" value="3" />
														</map>
													</constructor-arg>
												</bean>
											</list>
										</constructor-arg>
									</bean>
								</entry>	
								<entry key="rangeNumeric">
									<bean class="gov.nih.nci.codegen.validator.ValidatorAttribute">
										<constructor-arg value="rangeNumeric" />
										<constructor-arg index="1">
											<list>
												<bean class="gov.nih.nci.codegen.validator.ValidatorConstraint">
													<constructor-arg value="org.hibernate.validator.Range" />
													<constructor-arg index="1">
														<map>
															<entry key="min" value="1" />
															<entry key="max" value="3" />
														</map>
													</constructor-arg>
												</bean>
											</list>
										</constructor-arg>
									</bean>
								</entry>
								<entry key="past">
									<bean class="gov.nih.nci.codegen.validator.ValidatorAttribute">
										<constructor-arg value="past" />
										<constructor-arg index="1">
											<list>
												<bean class="gov.nih.nci.codegen.validator.ValidatorConstraint">
													<constructor-arg value="org.hibernate.validator.Past" />
													<constructor-arg index="1"><map/></constructor-arg>
												</bean>
											</list>
										</constructor-arg>
									</bean>
								</entry>
								<entry key="future">
									<bean class="gov.nih.nci.codegen.validator.ValidatorAttribute">
										<constructor-arg value="future" />
										<constructor-arg index="1">
											<list>
												<bean class="gov.nih.nci.codegen.validator.ValidatorConstraint">
													<constructor-arg value="org.hibernate.validator.Future" />
													<constructor-arg index="1"><map/></constructor-arg>
												</bean>
											</list>
										</constructor-arg>
									</bean>
								</entry>
								<entry key="pattern">
									<bean class="gov.nih.nci.codegen.validator.ValidatorAttribute">
										<constructor-arg value="pattern" />
										<constructor-arg index="1">
											<list>
												<bean class="gov.nih.nci.codegen.validator.ValidatorConstraint">
													<constructor-arg value="org.hibernate.validator.Pattern" />
													<constructor-arg index="1">
														<map>
															<entry key="regex" value='"(cat|dog)"' />
														</map>
													</constructor-arg>
												</bean>
											</list>
										</constructor-arg>
									</bean>
								</entry>																																							
							</map>
						</constructor-arg>
						<constructor-arg index="2"><!-- class-level constraints -->
							<list/>
						</constructor-arg>						
					</bean>
				</entry>
			</map>
		</constructor-arg>
	</bean>

</beans>
